"Longitude (x)","Latitude (y)","Station Name","Climate ID","Date/Time","Year","Month","Day","Data Quality","Max Temp (°C)","Max Temp Flag","Min Temp (°C)","Min Temp Flag","Mean Temp (°C)","Mean Temp Flag","Heat Deg Days (°C)","Heat Deg Days Flag","Cool Deg Days (°C)","Cool Deg Days Flag","Total Rain (mm)","Total Rain Flag","Total Snow (cm)","Total Snow Flag","Total Precip (mm)","Total Precip Flag","Snow on Grnd (cm)","Snow on Grnd Flag","Dir of Max Gust (10s deg)","Dir of Max Gust Flag","Spd of Max Gust (km/h)","Spd of Max Gust Flag"
"-81.15","43.03","LONDON CS","6144478","2018-01-01","2018","01","01","","-11.4","","-19.8","","-15.6","","33.6","","0.0","","","M","","M","0.2","","16","","","M","","M"
"-81.15","43.03","LONDON CS","6144478","2018-01-02","2018","01","02","","-10.0","","-16.7","","-13.4","","31.4","","0.0","","","M","","M","0.2","","16","","","M","","M"
"-81.15","43.03","LONDON CS","6144478","2018-01-03","2018","01","03","","-10.0","","-16.8","","-13.4","","31.4","","0.0","","","M","","M","0.5","","14","","","M","","M"
"-81.15","43.03","LONDON CS","6144478","2018-01-04","2018","01","04","","-9.2","","-19.2","","-14.2","","32.2","","0.0","","","M","","M","0.7","","15","","","M","","M"
"-81.15","43.03","LONDON CS","6144478","2018-01-05","2018","01","05","","-15.0","","-21.5","","-18.3","","36.3","","0.0","","","M","","M","3.8","","15","","","M","","M"
"-81.15","43.03","LONDON CS","6144478","2018-01-06","2018","01","06","","-15.3","","-24.5","","-19.9","","37.9","","0.0","","","M","","M","0.8","","21","","","M","","M"
"-81.15","43.03","LONDON CS","6144478","2018-01-07","2018","01","07","","-2.8","","-24.8","","-13.8","","31.8","","0.0","","","M","","M","2.8","","21","","","M","","M"
"-81.15","43.03","LONDON CS","6144478","2018-01-08","2018","01","08","","1.2","","-3.4","","-1.1","","19.1","","0.0","","","M","","M","12.3","","30","","","M","","M"
"-81.15","43.03","LONDON CS","6144478","2018-01-09","2018","01","09","","-0.4","","-14.3","","-7.4","","25.4","","0.0","","","M","","M","0.0","","32","","","M","","M"
"-81.15","43.03","LONDON CS","6144478","2018-01-10","2018","01","10","","6.7","","-13.9","","-3.6","","21.6","","0.0","","","M","","M","1.4","","30","","","M","","M"
"-81.15","43.03","LONDON CS","6144478","2018-01-11","2018","01","11","","11.4","","4.7","","8.1","","9.9","","0.0","","","M","","M","10.7","","17","","","M","","M"
"-81.15","43.03","LONDON CS","6144478","2018-01-12","2018","01","12","","11.4","","-10.6","","0.4","","17.6","","0.0","","","M","","M","14.3","","","","","M","","M"
"-81.15","43.03","LONDON CS","6144478","2018-01-13","2018","01","13","","-10.3","","-13.6","","-12.0","","30.0","","0.0","","","M","","M","0.5","","","","","M","","M"
"-81.15","43.03","LONDON CS","6144478","2018-01-14","2018","01","14","","-8.3","","-13.3","","-10.8","","28.8","","0.0","","","M","","M","0.0","","0","T","","M","","M"
"-81.15","43.03","LONDON CS","6144478","2018-01-15","2018","01","15","","-7.5","","-11.6","","-9.6","","27.6","","0.0","","","M","","M","2.3","","1","","","M","","M"
"-81.15","43.03","LONDON CS","6144478","2018-01-16","2018","01","16","","-6.4","","-11.9","","-9.2","","27.2","","0.0","","","M","","M","0.7","","3","","","M","","M"
"-81.15","43.03","LONDON CS","6144478","2018-01-17","2018","01","17","","-6.6","","-15.0","","-10.8","","28.8","","0.0","","","M","","M","0.4","","5","","","M","","M"
"-81.15","43.03","LONDON CS","6144478","2018-01-18","2018","01","18","","-5.0","","-10.8","","-7.9","","25.9","","0.0","","","M","","M","0.0","","5","","","M","","M"
"-81.15","43.03","LONDON CS","6144478","2018-01-19","2018","01","19","","1.7","","-6.8","","-2.6","","20.6","","0.0","","","M","","M","0.0","","5","","","M","","M"
"-81.15","43.03","LONDON CS","6144478","2018-01-20","2018","01","20","","3.8","","-2.3","","0.8","","17.2","","0.0","","","M","","M","0.0","","4","","","M","","M"
"-81.15","43.03","LONDON CS","6144478","2018-01-21","2018","01","21","","2.5","","-4.7","","-1.1","","19.1","","0.0","","","M","","M","0.0","","4","","","M","","M"
"-81.15","43.03","LONDON CS","6144478","2018-01-22","2018","01","22","","7.7","","1.2","","4.5","","13.5","","0.0","","","M","","M","19.8","","1","","","M","","M"
"-81.15","43.03","LONDON CS","6144478","2018-01-23","2018","01","23","","7.7","","-4.7","","1.5","","16.5","","0.0","","","M","","M","5.4","","0","T","","M","","M"
"-81.15","43.03","LONDON CS","6144478","2018-01-24","2018","01","24","","-3.8","","-8.7","","-6.3","","24.3","","0.0","","","M","","M","1.2","","0","T","","M","","M"
"-81.15","43.03","LONDON CS","6144478","2018-01-25","2018","01","25","","-2.4","","-11.4","","-6.9","","24.9","","0.0","","","M","","M","0.0","","1","","","M","","M"
"-81.15","43.03","LONDON CS","6144478","2018-01-26","2018","01","26","","5.9","","-5.7","","0.1","","17.9","","0.0","","","M","","M","0.0","","1","","","M","","M"
"-81.15","43.03","LONDON CS","6144478","2018-01-27","2018","01","27","","6.6","","0.2","","3.4","","14.6","","0.0","","","M","","M","0.0","","1","","","M","","M"
"-81.15","43.03","LONDON CS","6144478","2018-01-28","2018","01","28","","4.4","","-3.0","","0.7","","17.3","","0.0","","","M","","M","0.0","","0","T","","M","","M"
"-81.15","43.03","LONDON CS","6144478","2018-01-29","2018","01","29","","-2.3","","-9.5","","-5.9","","23.9","","0.0","","","M","","M","6.2","","0","T","","M","","M"
"-81.15","43.03","LONDON CS","6144478","2018-01-30","2018","01","30","","-7.6","","-13.5","","-10.6","","28.6","","0.0","","","M","","M","0.2","","4","","","M","","M"
"-81.15","43.03","LONDON CS","6144478","2018-01-31","2018","01","31","","1.9","","-11.6","","-4.9","","22.9","","0.0","","","M","","M","0.0","","4","","","M","","M"
"-81.15","43.03","LONDON CS","6144478","2018-02-01","2018","02","01","","2.4","","-11.6","","-4.6","","22.6","","0.0","","","M","","M","0.0","","6","","","M","","M"
"-81.15","43.03","LONDON CS","6144478","2018-02-02","2018","02","02","","-9.0","","-13.2","","-11.1","","29.1","","0.0","","","M","","M","2.8","","7","","","M","","M"
"-81.15","43.03","LONDON CS","6144478","2018-02-03","2018","02","03","","-0.7","","-12.4","","-6.6","","24.6","","0.0","","","M","","M","2.5","","8","","","M","","M"
"-81.15","43.03","LONDON CS","6144478","2018-02-04","2018","02","04","","0.5","","-10.1","","-4.8","","22.8","","0.0","","","M","","M","7.4","","16","","","M","","M"
"-81.15","43.03","LONDON CS","6144478","2018-02-05","2018","02","05","","-8.3","","-14.8","","-11.6","","29.6","","0.0","","","M","","M","0.7","","18","","","M","","M"
"-81.15","43.03","LONDON CS","6144478","2018-02-06","2018","02","06","","-6.0","","-15.3","","-10.7","","28.7","","0.0","","","M","","M","1.1","","20","","","M","","M"
"-81.15","43.03","LONDON CS","6144478","2018-02-07","2018","02","07","","-6.7","","-16.5","","-11.6","","29.6","","0.0","","","M","","M","5.4","","21","","","M","","M"
"-81.15","43.03","LONDON CS","6144478","2018-02-08","2018","02","08","","-7.4","","-21.5","","-14.5","","32.5","","0.0","","","M","","M","0.0","","23","","","M","","M"
"-81.15","43.03","LONDON CS","6144478","2018-02-09","2018","02","09","","","M","-12.1","E","","M","","M","","M","","M","","M","","M","23","","","M","","M"
"-81.15","43.03","LONDON CS","6144478","2018-02-10","2018","02","10","","-4.4","","-6.3","","-5.4","","23.4","","0.0","","","M","","M","2.7","","28","","","M","","M"
"-81.15","43.03","LONDON CS","6144478","2018-02-11","2018","02","11","","-0.2","","-6.0","","-3.1","","21.1","","0.0","","","M","","M","3.4","","29","","","M","","M"
"-81.15","43.03","LONDON CS","6144478","2018-02-12","2018","02","12","","-5.7","","-17.2","","-11.5","","29.5","","0.0","","","M","","M","0.0","","27","","","M","","M"
"-81.15","43.03","LONDON CS","6144478","2018-02-13","2018","02","13","","-3.9","","-19.2","","-11.6","","29.6","","0.0","","","M","","M","0.2","","27","","","M","","M"
"-81.15","43.03","LONDON CS","6144478","2018-02-14","2018","02","14","","4.5","","-6.5","","-1.0","","19.0","","0.0","","","M","","M","0.0","","26","","","M","","M"
"-81.15","43.03","LONDON CS","6144478","2018-02-15","2018","02","15","","7.1","","1.6","","4.4","","13.6","","0.0","","","M","","M","0.0","","20","","","M","","M"
"-81.15","43.03","LONDON CS","6144478","2018-02-16","2018","02","16","","1.8","","-8.7","","-3.5","","21.5","","0.0","","","M","","M","0.0","","11","","","M","","M"
"-81.15","43.03","LONDON CS","6144478","2018-02-17","2018","02","17","","-1.5","","-9.8","","-5.7","","23.7","","0.0","","","M","","M","0.0","","11","","","M","","M"
"-81.15","43.03","LONDON CS","6144478","2018-02-18","2018","02","18","","1.4","","-3.4","","-1.0","","19.0","","0.0","","","M","","M","0.0","","11","","","M","","M"
"-81.15","43.03","LONDON CS","6144478","2018-02-19","2018","02","19","","11.6","","-1.7","","5.0","","13.0","","0.0","","","M","","M","13.4","","10","","","M","","M"
"-81.15","43.03","LONDON CS","6144478","2018-02-20","2018","02","20","","15.1","","7.4","","11.3","","6.7","","0.0","","","M","","M","22.5","","","","","M","","M"
"-81.15","43.03","LONDON CS","6144478","2018-02-21","2018","02","21","","12.6","","-1.8","","5.4","","12.6","","0.0","","","M","","M","12.3","","","","","M","","M"
"-81.15","43.03","LONDON CS","6144478","2018-02-22","2018","02","22","","2.1","","-2.0","","0.1","","17.9","","0.0","","","M","","M","0.0","","","","","M","","M"
"-81.15","43.03","LONDON CS","6144478","2018-02-23","2018","02","23","","8.2","","-0.3","","4.0","","14.0","","0.0","","","M","","M","4.0","","0","T","","M","","M"
"-81.15","43.03","LONDON CS","6144478","2018-02-24","2018","02","24","","3.3","","0.5","","1.9","","16.1","","0.0","","","M","","M","1.1","","0","T","","M","","M"
"-81.15","43.03","LONDON CS","6144478","2018-02-25","2018","02","25","","10.2","","-0.1","","5.1","","12.9","","0.0","","","M","","M","2.0","","0","T","","M","","M"
"-81.15","43.03","LONDON CS","6144478","2018-02-26","2018","02","26","","7.8","","-1.5","","3.2","","14.8","","0.0","","","M","","M","0.0","","","","","M","","M"
"-81.15","43.03","LONDON CS","6144478","2018-02-27","2018","02","27","","12.6","","-0.3","","6.2","","11.8","","0.0","","","M","","M","0.0","","0","T","","M","","M"
"-81.15","43.03","LONDON CS","6144478","2018-02-28","2018","02","28","","15.1","","1.6","","8.4","","9.6","","0.0","","","M","","M","0.0","","","","","M","","M"
"-81.15","43.03","LONDON CS","6144478","2018-03-01","2018","03","01","","2.3","","-0.7","","0.8","","17.2","","0.0","","","M","","M","2.1","","","","","M","","M"
"-81.15","43.03","LONDON CS","6144478","2018-03-02","2018","03","02","","3.0","","-4.6","","-0.8","","18.8","","0.0","","","M","","M","1.9","","5","","","M","","M"
"-81.15","43.03","LONDON CS","6144478","2018-03-03","2018","03","03","","3.5","","-5.4","","-1.0","","19.0","","0.0","","","M","","M","0.0","","0","T","","M","","M"
"-81.15","43.03","LONDON CS","6144478","2018-03-04","2018","03","04","","2.8","","-6.2","","-1.7","","19.7","","0.0","","","M","","M","0.0","","0","T","","M","","M"
"-81.15","43.03","LONDON CS","6144478","2018-03-05","2018","03","05","","3.6","","-6.8","","-1.6","","19.6","","0.0","","","M","","M","0.0","","0","T","","M","","M"
"-81.15","43.03","LONDON CS","6144478","2018-03-06","2018","03","06","","-0.4","","-3.8","","-2.1","","20.1","","0.0","","","M","","M","0.0","","0","T","","M","","M"
"-81.15","43.03","LONDON CS","6144478","2018-03-07","2018","03","07","","2.4","","-4.6","","-1.1","","19.1","","0.0","","","M","","M","6.0","","0","T","","M","","M"
"-81.15","43.03","LONDON CS","6144478","2018-03-08","2018","03","08","","-1.0","","-6.3","","-3.7","","21.7","","0.0","","","M","","M","1.1","","2","","","M","","M"
"-81.15","43.03","LONDON CS","6144478","2018-03-09","2018","03","09","","-0.1","","-2.9","","-1.5","","19.5","","0.0","","","M","","M","2.0","","3","","","M","","M"
"-81.15","43.03","LONDON CS","6144478","2018-03-10","2018","03","10","","0.5","","-6.1","","-2.8","","20.8","","0.0","","","M","","M","0.0","","3","","","M","","M"
"-81.15","43.03","LONDON CS","6144478","2018-03-11","2018","03","11","","0.3","","-9.2","","-4.5","","22.5","","0.0","","","M","","M","0.2","","0","T","","M","","M"
"-81.15","43.03","LONDON CS","6144478","2018-03-12","2018","03","12","","0.1","","-5.7","","-2.8","","20.8","","0.0","","","M","","M","0.0","","0","T","","M","","M"
"-81.15","43.03","LONDON CS","6144478","2018-03-13","2018","03","13","","1.3","","-5.7","","-2.2","","20.2","","0.0","","","M","","M","1.2","","0","T","","M","","M"
"-81.15","43.03","LONDON CS","6144478","2018-03-14","2018","03","14","","-2.2","","-5.0","","-3.6","","21.6","","0.0","","","M","","M","0.7","","1","","","M","","M"
"-81.15","43.03","LONDON CS","6144478","2018-03-15","2018","03","15","","1.4","","-5.7","","-2.2","","20.2","","0.0","","","M","","M","1.0","","0","T","","M","","M"
"-81.15","43.03","LONDON CS","6144478","2018-03-16","2018","03","16","","-3.2","","-6.6","","-4.9","","22.9","","0.0","","","M","","M","0.2","","0","T","","M","","M"
"-81.15","43.03","LONDON CS","6144478","2018-03-17","2018","03","17","","3.8","","-9.2","","-2.7","","20.7","","0.0","","","M","","M","0.2","","0","T","","M","","M"
"-81.15","43.03","LONDON CS","6144478","2018-03-18","2018","03","18","","9.2","","-6.8","","1.2","","16.8","","0.0","","","M","","M","0.0","","0","T","","M","","M"
"-81.15","43.03","LONDON CS","6144478","2018-03-19","2018","03","19","","2.4","","-4.5","","-1.1","","19.1","","0.0","","","M","","M","0.0","","0","T","","M","","M"
"-81.15","43.03","LONDON CS","6144478","2018-03-20","2018","03","20","","2.7","","-5.5","","-1.4","","19.4","","0.0","","","M","","M","0.0","","0","T","","M","","M"
"-81.15","43.03","LONDON CS","6144478","2018-03-21","2018","03","21","","4.3","","-3.6","","0.4","","17.6","","0.0","","","M","","M","0.0","","0","T","","M","","M"
"-81.15","43.03","LONDON CS","6144478","2018-03-22","2018","03","22","","2.5","","-4.3","","-0.9","","18.9","","0.0","","","M","","M","0.0","","0","T","","M","","M"
"-81.15","43.03","LONDON CS","6144478","2018-03-23","2018","03","23","","2.7","","-6.4","","-1.9","","19.9","","0.0","","","M","","M","0.0","","0","T","","M","","M"
"-81.15","43.03","LONDON CS","6144478","2018-03-24","2018","03","24","","3.9","","-5.7","","-0.9","","18.9","","0.0","","","M","","M","0.2","","0","T","","M","","M"
"-81.15","43.03","LONDON CS","6144478","2018-03-25","2018","03","25","","3.4","","-7.9","","-2.3","","20.3","","0.0","","","M","","M","0.0","","0","T","","M","","M"
"-81.15","43.03","LONDON CS","6144478","2018-03-26","2018","03","26","","9.6","","-1.9","","3.9","","14.1","","0.0","","","M","","M","0.0","","0","T","","M","","M"
"-81.15","43.03","LONDON CS","6144478","2018-03-27","2018","03","27","","8.3","","1.9","","5.1","","12.9","","0.0","","","M","","M","8.4","","0","T","","M","","M"
"-81.15","43.03","LONDON CS","6144478","2018-03-28","2018","03","28","","6.8","","0.9","","3.9","","14.1","","0.0","","","M","","M","0.0","","0","T","","M","","M"
"-81.15","43.03","LONDON CS","6144478","2018-03-29","2018","03","29","","6.3","","1.8","","4.1","","13.9","","0.0","","","M","","M","15.8","","0","T","","M","","M"
"-81.15","43.03","LONDON CS","6144478","2018-03-30","2018","03","30","","4.2","","-3.2","","0.5","","17.5","","0.0","","","M","","M","0.0","","0","T","","M","","M"
"-81.15","43.03","LONDON CS","6144478","2018-03-31","2018","03","31","","7.9","","-1.6","","3.2","","14.8","","0.0","","","M","","M","4.9","","0","T","","M","","M"
"-81.15","43.03","LONDON CS","6144478","2018-04-01","2018","04","01","","3.2","","-3.9","","-0.4","","18.4","","0.0","","","M","","M","0.2","","","","","M","","M"
"-81.15","43.03","LONDON CS","6144478","2018-04-02","2018","04","02","","5.7","","-5.3","","0.2","","17.8","","0.0","","","M","","M","0.0","","","","","M","","M"
"-81.15","43.03","LONDON CS","6144478","2018-04-03","2018","04","03","","5.6","","-0.9","","2.4","","15.6","","0.0","","","M","","M","21.1","","","","","M","","M"
"-81.15","43.03","LONDON CS","6144478","2018-04-04","2018","04","04","","9.9","","-4.0","","3.0","","15.0","","0.0","","","M","","M","2.8","","0","T","","M","","M"
"-81.15","43.03","LONDON CS","6144478","2018-04-05","2018","04","05","","2.4","","-4.6","","-1.1","","19.1","","0.0","","","M","","M","0.0","","0","T","","M","","M"
"-81.15","43.03","LONDON CS","6144478","2018-04-06","2018","04","06","","5.7","","-4.7","","0.5","","17.5","","0.0","","","M","","M","5.1","","0","T","","M","","M"
"-81.15","43.03","LONDON CS","6144478","2018-04-07","2018","04","07","","0.3","","-7.8","","-3.8","","21.8","","0.0","","","M","","M","0.2","","","","","M","","M"
"-81.15","43.03","LONDON CS","6144478","2018-04-08","2018","04","08","","-0.5","","-5.9","","-3.2","","21.2","","0.0","","","M","","M","0.2","","","","","M","","M"
"-81.15","43.03","LONDON CS","6144478","2018-04-09","2018","04","09","","2.3","","-5.4","","-1.6","","19.6","","0.0","","","M","","M","0.0","","","","","M","","M"
"-81.15","43.03","LONDON CS","6144478","2018-04-10","2018","04","10","","5.3","","-4.8","","0.3","","17.7","","0.0","","","M","","M","0.0","","","","","M","","M"
"-81.15","43.03","LONDON CS","6144478","2018-04-11","2018","04","11","","7.1","","-0.7","","3.2","","14.8","","0.0","","","M","","M","0.4","","","","","M","","M"
"-81.15","43.03","LONDON CS","6144478","2018-04-12","2018","04","12","","20.4","","1.4","","10.9","","7.1","","0.0","","","M","","M","2.8","","","","","M","","M"
"-81.15","43.03","LONDON CS","6144478","2018-04-13","2018","04","13","","9.9","","3.2","","6.6","","11.4","","0.0","","","M","","M","0.0","","","","","M","","M"
"-81.15","43.03","LONDON CS","6144478","2018-04-14","2018","04","14","","4.5","","-3.3","","0.6","","17.4","","0.0","","","M","","M","16.2","","","","","M","","M"
"-81.15","43.03","LONDON CS","6144478","2018-04-15","2018","04","15","","1.3","","-3.3","","-1.0","","19.0","","0.0","","","M","","M","29.3","","0","T","","M","","M"
"-81.15","43.03","LONDON CS","6144478","2018-04-16","2018","04","16","","3.1","","-0.9","","1.1","","16.9","","0.0","","","M","","M","10.9","","","","","M","","M"
"-81.15","43.03","LONDON CS","6144478","2018-04-17","2018","04","17","","1.2","","-3.2","","-1.0","","19.0","","0.0","","","M","","M","1.1","","0","T","","M","","M"
"-81.15","43.03","LONDON CS","6144478","2018-04-18","2018","04","18","","2.6","","-0.8","","0.9","","17.1","","0.0","","","M","","M","0.2","","","","","M","","M"
"-81.15","43.03","LONDON CS","6144478","2018-04-19","2018","04","19","","3.0","","-1.2","","0.9","","17.1","","0.0","","","M","","M","0.0","","","","","M","","M"
"-81.15","43.03","LONDON CS","6144478","2018-04-20","2018","04","20","","8.9","","-2.9","","3.0","","15.0","","0.0","","","M","","M","0.0","","","","","M","","M"
"-81.15","43.03","LONDON CS","6144478","2018-04-21","2018","04","21","","13.3","","-2.9","","5.2","","12.8","","0.0","","","M","","M","0.0","","","","","M","","M"
"-81.15","43.03","LONDON CS","6144478","2018-04-22","2018","04","22","","16.0","","-2.1","","7.0","","11.0","","0.0","","","M","","M","0.0","","","","","M","","M"
"-81.15","43.03","LONDON CS","6144478","2018-04-23","2018","04","23","","21.3","","4.4","","12.9","","5.1","","0.0","","","M","","M","0.0","","","","","M","","M"
"-81.15","43.03","LONDON CS","6144478","2018-04-24","2018","04","24","","15.9","","7.9","","11.9","","6.1","","0.0","","","M","","M","8.4","","","","","M","","M"
"-81.15","43.03","LONDON CS","6144478","2018-04-25","2018","04","25","","11.1","","2.4","","6.8","","11.2","","0.0","","","M","","M","6.3","","","","","M","","M"
"-81.15","43.03","LONDON CS","6144478","2018-04-26","2018","04","26","","14.5","","0.5","","7.5","","10.5","","0.0","","","M","","M","0.2","","","","","M","","M"
"-81.15","43.03","LONDON CS","6144478","2018-04-27","2018","04","27","","16.9","","1.1","","9.0","","9.0","","0.0","","","M","","M","0.0","","","","","M","","M"
"-81.15","43.03","LONDON CS","6144478","2018-04-28","2018","04","28","","4.1","","0.5","","2.3","","15.7","","0.0","","","M","","M","0.0","","","","","M","","M"
"-81.15","43.03","LONDON CS","6144478","2018-04-29","2018","04","29","","9.5","","0.1","","4.8","","13.2","","0.0","","","M","","M","0.0","","","","","M","","M"
"-81.15","43.03","LONDON CS","6144478","2018-04-30","2018","04","30","","19.1","","-1.9","","8.6","","9.4","","0.0","","","M","","M","0.0","","","","","M","","M"
"-81.15","43.03","LONDON CS","6144478","2018-05-01","2018","05","01","","24.5","","7.3","","15.9","","2.1","","0.0","","","M","","M","0.0","","","","","M","","M"
"-81.15","43.03","LONDON CS","6144478","2018-05-02","2018","05","02","","26.8","","13.0","","19.9","","0.0","","1.9","","","M","","M","3.9","","","","","M","","M"
"-81.15","43.03","LONDON CS","6144478","2018-05-03","2018","05","03","","20.0","","13.9","","17.0","","1.0","","0.0","","","M","","M","4.7","","","","","M","","M"
"-81.15","43.03","LONDON CS","6144478","2018-05-04","2018","05","04","","23.9","","7.4","","15.7","","2.3","","0.0","","","M","","M","4.0","","","","","M","","M"
"-81.15","43.03","LONDON CS","6144478","2018-05-05","2018","05","05","","24.3","","7.6","","16.0","","2.0","","0.0","","","M","","M","0.0","","","","","M","","M"
"-81.15","43.03","LONDON CS","6144478","2018-05-06","2018","05","06","","22.3","","12.1","","17.2","","0.8","","0.0","","","M","","M","0.0","","","","","M","","M"
"-81.15","43.03","LONDON CS","6144478","2018-05-07","2018","05","07","","17.9","","7.7","","12.8","","5.2","","0.0","","","M","","M","0.0","","","","","M","","M"
"-81.15","43.03","LONDON CS","6144478","2018-05-08","2018","05","08","","22.7","","4.7","","13.7","","4.3","","0.0","","","M","","M","0.0","","","","","M","","M"
"-81.15","43.03","LONDON CS","6144478","2018-05-09","2018","05","09","","25.6","","7.1","","16.4","","1.6","","0.0","","","M","","M","2.2","","","","","M","","M"
"-81.15","43.03","LONDON CS","6144478","2018-05-10","2018","05","10","","19.3","","3.4","","11.4","","6.6","","0.0","","","M","","M","2.7","","","","","M","","M"
"-81.15","43.03","LONDON CS","6144478","2018-05-11","2018","05","11","","9.9","","2.6","","6.3","","11.7","","0.0","","","M","","M","1.9","","","","","M","","M"
"-81.15","43.03","LONDON CS","6144478","2018-05-12","2018","05","12","","15.8","","5.7","","10.8","","7.2","","0.0","","","M","","M","5.7","","","","","M","","M"
"-81.15","43.03","LONDON CS","6144478","2018-05-13","2018","05","13","","21.5","","7.0","","14.3","","3.7","","0.0","","","M","","M","0.0","","","","","M","","M"
"-81.15","43.03","LONDON CS","6144478","2018-05-14","2018","05","14","","21.0","","7.3","","14.2","","3.8","","0.0","","","M","","M","0.0","","","","","M","","M"
"-81.15","43.03","LONDON CS","6144478","2018-05-15","2018","05","15","","21.8","","10.2","","16.0","","2.0","","0.0","","","M","","M","14.1","","","","","M","","M"
"-81.15","43.03","LONDON CS","6144478","2018-05-16","2018","05","16","","24.6","","9.0","","16.8","","1.2","","0.0","","","M","","M","0.0","","","","","M","","M"
"-81.15","43.03","LONDON CS","6144478","2018-05-17","2018","05","17","","26.5","","10.7","","18.6","","0.0","","0.6","","","M","","M","0.0","","","","","M","","M"
"-81.15","43.03","LONDON CS","6144478","2018-05-18","2018","05","18","","18.4","","10.5","","14.5","","3.5","","0.0","","","M","","M","0.3","","","","","M","","M"
"-81.15","43.03","LONDON CS","6144478","2018-05-19","2018","05","19","","22.4","","10.4","","16.4","","1.6","","0.0","","","M","","M","2.9","","","","","M","","M"
"-81.15","43.03","LONDON CS","6144478","2018-05-20","2018","05","20","","17.6","","6.8","","12.2","","5.8","","0.0","","","M","","M","0.0","","","","","M","","M"
"-81.15","43.03","LONDON CS","6144478","2018-05-21","2018","05","21","","21.7","","3.6","","12.7","","5.3","","0.0","","","M","","M","4.7","","","","","M","","M"
"-81.15","43.03","LONDON CS","6144478","2018-05-22","2018","05","22","","18.6","","10.9","","14.8","","3.2","","0.0","","","M","","M","1.7","","","","","M","","M"
"-81.15","43.03","LONDON CS","6144478","2018-05-23","2018","05","23","","24.5","","10.8","","17.7","","0.3","","0.0","","","M","","M","0.0","","","","","M","","M"
"-81.15","43.03","LONDON CS","6144478","2018-05-24","2018","05","24","","28.4","","8.2","","18.3","","0.0","","0.3","","","M","","M","0.0","","","","","M","","M"
"-81.15","43.03","LONDON CS","6144478","2018-05-25","2018","05","25","","28.6","","11.0","","19.8","","0.0","","1.8","","","M","","M","0.2","","","","","M","","M"
"-81.15","43.03","LONDON CS","6144478","2018-05-26","2018","05","26","","27.1","","15.0","","21.1","","0.0","","3.1","","","M","","M","0.0","","","","","M","","M"
"-81.15","43.03","LONDON CS","6144478","2018-05-27","2018","05","27","","28.2","","15.4","","21.8","","0.0","","3.8","","","M","","M","0.0","","","","","M","","M"
"-81.15","43.03","LONDON CS","6144478","2018-05-28","2018","05","28","","32.0","","16.6","","24.3","","0.0","","6.3","","","M","","M","0.0","","","","","M","","M"
"-81.15","43.03","LONDON CS","6144478","2018-05-29","2018","05","29","","30.7","","19.4","","25.1","","0.0","","7.1","","","M","","M","0.0","","","","","M","","M"
"-81.15","43.03","LONDON CS","6144478","2018-05-30","2018","05","30","","29.9","","18.6","","24.3","","0.0","","6.3","","","M","","M","0.0","","","","","M","","M"
"-81.15","43.03","LONDON CS","6144478","2018-05-31","2018","05","31","","29.8","","20.2","","25.0","","0.0","","7.0","","","M","","M","5.2","","","","","M","","M"
"-81.15","43.03","LONDON CS","6144478","2018-06-01","2018","06","01","","28.3","","15.7","","22.0","","0.0","","4.0","","","M","","M","0.0","","","","","M","","M"
"-81.15","43.03","LONDON CS","6144478","2018-06-02","2018","06","02","","21.1","","13.0","","17.1","","0.9","","0.0","","","M","","M","0.0","","","","","M","","M"
"-81.15","43.03","LONDON CS","6144478","2018-06-03","2018","06","03","","23.8","","14.1","","19.0","","0.0","","1.0","","","M","","M","1.8","","","","","M","","M"
"-81.15","43.03","LONDON CS","6144478","2018-06-04","2018","06","04","","20.6","E","13.0","E","16.8","E","1.2","E","0.0","E","","M","","M","","M","","","","M","","M"
"-81.15","43.03","LONDON CS","6144478","2018-06-05","2018","06","05","","13.8","","10.0","","11.9","","6.1","","0.0","","","M","","M","0.0","","","","","M","","M"
"-81.15","43.03","LONDON CS","6144478","2018-06-06","2018","06","06","","18.4","","8.9","","13.7","","4.3","","0.0","","","M","","M","0.0","","","","","M","","M"
"-81.15","43.03","LONDON CS","6144478","2018-06-07","2018","06","07","","23.2","","10.8","","17.0","","1.0","","0.0","","","M","","M","0.0","","","","","M","","M"
"-81.15","43.03","LONDON CS","6144478","2018-06-08","2018","06","08","","27.5","","12.1","","19.8","","0.0","","1.8","","","M","","M","0.0","","","","","M","","M"
"-81.15","43.03","LONDON CS","6144478","2018-06-09","2018","06","09","","20.3","","14.0","","17.2","","0.8","","0.0","","","M","","M","1.1","","","","","M","","M"
"-81.15","43.03","LONDON CS","6144478","2018-06-10","2018","06","10","","22.5","","14.8","","18.7","","0.0","","0.7","","","M","","M","0.0","","","","","M","","M"
"-81.15","43.03","LONDON CS","6144478","2018-06-11","2018","06","11","","24.7","","12.9","","18.8","","0.0","","0.8","","","M","","M","0.0","","","","","M","","M"
"-81.15","43.03","LONDON CS","6144478","2018-06-12","2018","06","12","","25.8","","9.7","","17.8","","0.2","","0.0","","","M","","M","0.0","","","","","M","","M"
"-81.15","43.03","LONDON CS","6144478","2018-06-13","2018","06","13","","28.2","","13.8","","21.0","","0.0","","3.0","","","M","","M","20.0","","","","","M","","M"
"-81.15","43.03","LONDON CS","6144478","2018-06-14","2018","06","14","","24.6","","11.9","","18.3","","0.0","","0.3","","","M","","M","0.0","","","","","M","","M"
"-81.15","43.03","LONDON CS","6144478","2018-06-15","2018","06","15","","26.4","","9.3","","17.9","","0.1","","0.0","","","M","","M","0.0","","","","","M","","M"
"-81.15","43.03","LONDON CS","6144478","2018-06-16","2018","06","16","","26.7","","14.9","","20.8","","0.0","","2.8","","","M","","M","0.0","","","","","M","","M"
"-81.15","43.03","LONDON CS","6144478","2018-06-17","2018","06","17","","30.2","","14.8","","22.5","","0.0","","4.5","","","M","","M","0.0","","","","","M","","M"
"-81.15","43.03","LONDON CS","6144478","2018-06-18","2018","06","18","","30.9","","20.3","","25.6","","0.0","","7.6","","","M","","M","29.5","","","","","M","","M"
"-81.15","43.03","LONDON CS","6144478","2018-06-19","2018","06","19","","26.6","","16.7","","21.7","","0.0","","3.7","","","M","","M","0.0","","","","","M","","M"
"-81.15","43.03","LONDON CS","6144478","2018-06-20","2018","06","20","","22.4","","13.2","","17.8","","0.2","","0.0","","","M","","M","0.5","","","","","M","","M"
"-81.15","43.03","LONDON CS","6144478","2018-06-21","2018","06","21","","24.6","","12.8","","18.7","","0.0","","0.7","","","M","","M","0.0","","","","","M","","M"
"-81.15","43.03","LONDON CS","6144478","2018-06-22","2018","06","22","","22.7","","14.0","","18.4","","0.0","","0.4","","","M","","M","8.6","","","","","M","","M"
"-81.15","43.03","LONDON CS","6144478","2018-06-23","2018","06","23","","23.5","","16.6","","20.1","","0.0","","2.1","","","M","","M","6.5","","","","","M","","M"
"-81.15","43.03","LONDON CS","6144478","2018-06-24","2018","06","24","","21.4","","14.9","","18.2","","0.0","","0.2","","","M","","M","21.7","","","","","M","","M"
"-81.15","43.03","LONDON CS","6144478","2018-06-25","2018","06","25","","23.1","","12.3","","17.7","","0.3","","0.0","","","M","","M","0.2","","","","","M","","M"
"-81.15","43.03","LONDON CS","6144478","2018-06-26","2018","06","26","","","M","10.2","E","","M","","M","","M","","M","","M","","M","","","","M","","M"
"-81.15","43.03","LONDON CS","6144478","2018-06-27","2018","06","27","","23.3","","15.9","","19.6","","0.0","","1.6","","","M","","M","6.8","","","","","M","","M"
"-81.15","43.03","LONDON CS","6144478","2018-06-28","2018","06","28","","27.8","","16.9","","22.4","","0.0","","4.4","","","M","","M","0.0","","","","","M","","M"
"-81.15","43.03","LONDON CS","6144478","2018-06-29","2018","06","29","","30.5","","16.0","","23.3","","0.0","","5.3","","","M","","M","0.0","","","","","M","","M"
"-81.15","43.03","LONDON CS","6144478","2018-06-30","2018","06","30","","33.2","","21.5","","27.4","","0.0","","9.4","","","M","","M","0.0","","","","","M","","M"
"-81.15","43.03","LONDON CS","6144478","2018-07-01","2018","07","01","","31.1","","20.3","","25.7","","0.0","","7.7","","","M","","M","0.0","","","","","M","","M"
"-81.15","43.03","LONDON CS","6144478","2018-07-02","2018","07","02","","30.3","","17.1","","23.7","","0.0","","5.7","","","M","","M","0.0","","","","","M","","M"
"-81.15","43.03","LONDON CS","6144478","2018-07-03","2018","07","03","","30.6","","15.3","","23.0","","0.0","","5.0","","","M","","M","0.0","","","","","M","","M"
"-81.15","43.03","LONDON CS","6144478","2018-07-04","2018","07","04","","32.5","","20.4","","26.5","","0.0","","8.5","","","M","","M","1.4","","","","","M","","M"
"-81.15","43.03","LONDON CS","6144478","2018-07-05","2018","07","05","","31.7","","19.7","","25.7","","0.0","","7.7","","","M","","M","26.4","","","","","M","","M"
"-81.15","43.03","LONDON CS","6144478","2018-07-06","2018","07","06","","24.2","","12.8","","18.5","","0.0","","0.5","","","M","","M","0.0","","","","","M","","M"
"-81.15","43.03","LONDON CS","6144478","2018-07-07","2018","07","07","","25.0","","9.4","","17.2","","0.8","","0.0","","","M","","M","0.0","","","","","M","","M"
"-81.15","43.03","LONDON CS","6144478","2018-07-08","2018","07","08","","27.4","","11.5","","19.5","","0.0","","1.5","","","M","","M","0.0","","","","","M","","M"
"-81.15","43.03","LONDON CS","6144478","2018-07-09","2018","07","09","","30.4","","12.1","","21.3","","0.0","","3.3","","","M","","M","0.3","","","","","M","","M"
"-81.15","43.03","LONDON CS","6144478","2018-07-10","2018","07","10","","28.6","","16.2","","22.4","","0.0","","4.4","","","M","","M","0.0","","","","","M","","M"
"-81.15","43.03","LONDON CS","6144478","2018-07-11","2018","07","11","","27.8","","12.8","","20.3","","0.0","","2.3","","","M","","M","0.0","","","","","M","","M"
"-81.15","43.03","LONDON CS","6144478","2018-07-12","2018","07","12","","27.7","","12.8","","20.3","","0.0","","2.3","","","M","","M","0.0","","","","","M","","M"
"-81.15","43.03","LONDON CS","6144478","2018-07-13","2018","07","13","","28.9","","15.5","","22.2","","0.0","","4.2","","","M","","M","0.0","","","","","M","","M"
"-81.15","43.03","LONDON CS","6144478","2018-07-14","2018","07","14","","26.2","","18.3","","22.3","","0.0","","4.3","","","M","","M","1.5","","","","","M","","M"
"-81.15","43.03","LONDON CS","6144478","2018-07-15","2018","07","15","","31.2","","18.4","","24.8","","0.0","","6.8","","","M","","M","0.0","","","","","M","","M"
"-81.15","43.03","LONDON CS","6144478","2018-07-16","2018","07","16","","31.9","","20.1","","26.0","","0.0","","8.0","","","","","M","28.2","","","","","M","","M"
"-81.15","43.03","LONDON CS","6144478","2018-07-17","2018","07","17","","24.9","","14.5","","19.7","","0.0","","1.7","","","","","M","0.0","","","","","M","","M"
"-81.15","43.03","LONDON CS","6144478","2018-07-18","2018","07","18","","24.6","","13.0","","18.8","","0.0","","0.8","","","","","M","0.0","","","","","M","","M"
"-81.15","43.03","LONDON CS","6144478","2018-07-19","2018","07","19","","26.0","","10.2","","18.1","","0.0","","0.1","","","","","M","0.0","","","","","M","","M"
"-81.15","43.03","LONDON CS","6144478","2018-07-20","2018","07","20","","27.2","","15.7","","21.5","","0.0","","3.5","","","","","M","3.6","","","","","M","","M"
"-81.15","43.03","LONDON CS","6144478","2018-07-21","2018","07","21","","25.6","","19.7","","22.7","","0.0","","4.7","","","","","M","0.0","","","","","M","","M"
"-81.15","43.03","LONDON CS","6144478","2018-07-22","2018","07","22","","19.7","","15.3","","17.5","","0.5","","0.0","","","","","M","22.2","","","","","M","","M"
"-81.15","43.03","LONDON CS","6144478","2018-07-23","2018","07","23","","27.2","","18.1","","22.6","","0.0","","4.6","","","","","M","11.0","","","","","M","","M"
"-81.15","43.03","LONDON CS","6144478","2018-07-24","2018","07","24","","27.0","","18.5","","22.7","","0.0","","4.7","","","","","M","9.9","","","","","M","","M"
"-81.15","43.03","LONDON CS","6144478","2018-07-25","2018","07","25","","27.3","","16.3","","21.8","","0.0","","3.8","","","","","M","0.0","","","","","M","","M"
"-81.15","43.03","LONDON CS","6144478","2018-07-26","2018","07","26","","27.9","","15.2","","21.6","","0.0","","3.6","","","","","M","2.1","","","","","M","","M"
"-81.15","43.03","LONDON CS","6144478","2018-07-27","2018","07","27","","24.2","","15.0","","19.6","","0.0","","1.6","","","","","M","2.6","","","","","M","","M"
"-81.15","43.03","LONDON CS","6144478","2018-07-28","2018","07","28","","23.1","","13.8","","18.5","","0.0","","0.5","","","","","M","0.0","","","","","M","","M"
"-81.15","43.03","LONDON CS","6144478","2018-07-29","2018","07","29","","24.5","","12.5","","18.5","","0.0","","0.5","","","","","M","1.3","","","","","M","","M"
"-81.15","43.03","LONDON CS","6144478","2018-07-30","2018","07","30","","25.4","","14.3","","19.9","","0.0","","1.9","","","","","M","0.0","","","","","M","","M"
"-81.15","43.03","LONDON CS","6144478","2018-07-31","2018","07","31","","25.6","","16.2","","20.9","","0.0","","2.9","","","","","M","0.0","","","","","M","","M"
"-81.15","43.03","LONDON CS","6144478","2018-08-01","2018","08","01","","24.3","","18.8","","21.5","","0.0","","3.5","","","","","M","0.0","","","","","M","","M"
"-81.15","43.03","LONDON CS","6144478","2018-08-02","2018","08","02","","26.2","","16.3","","21.3","","0.0","","3.3","","","","","M","0.0","","","","","M","","M"
"-81.15","43.03","LONDON CS","6144478","2018-08-03","2018","08","03","","28.0","","16.4","","22.2","","0.0","","4.2","","","","","M","0.0","","","","","M","","M"
"-81.15","43.03","LONDON CS","6144478","2018-08-04","2018","08","04","","29.7","","15.9","","22.8","","0.0","","4.8","","","","","M","0.0","","","","","M","","M"
"-81.15","43.03","LONDON CS","6144478","2018-08-05","2018","08","05","","31.2","","16.7","","23.9","","0.0","","5.9","","","","","M","0.0","","","","","M","","M"
"-81.15","43.03","LONDON CS","6144478","2018-08-06","2018","08","06","","29.8","","21.6","","25.7","","0.0","","7.7","","","","","M","2.4","","","","","M","","M"
"-81.15","43.03","LONDON CS","6144478","2018-08-07","2018","08","07","","28.0","","19.7","","23.9","","0.0","","5.9","","","","","M","0.3","","","","","M","","M"
"-81.15","43.03","LONDON CS","6144478","2018-08-08","2018","08","08","","26.4","","17.0","","21.7","","0.0","","3.7","","","","","M","14.0","","","","","M","","M"
"-81.15","43.03","LONDON CS","6144478","2018-08-09","2018","08","09","","28.2","","14.9","","21.5","","0.0","","3.5","","","","","M","4.2","","","","","M","","M"
"-81.15","43.03","LONDON CS","6144478","2018-08-10","2018","08","10","","25.7","","15.2","","20.4","","0.0","","2.4","","","","","M","0.0","","","","","M","","M"
"-81.15","43.03","LONDON CS","6144478","2018-08-11","2018","08","11","","27.6","","13.2","","20.4","","0.0","","2.4","","","","","M","0.0","","","","","M","","M"
"-81.15","43.03","LONDON CS","6144478","2018-08-12","2018","08","12","","27.2","","16.1","","21.6","","0.0","","3.6","","","","","M","0.0","","","","","M","","M"
"-81.15","43.03","LONDON CS","6144478","2018-08-13","2018","08","13","","28.2","","15.5","","21.8","","0.0","","3.8","","","","","M","0.0","","","","","M","","M"
"-81.15","43.03","LONDON CS","6144478","2018-08-14","2018","08","14","","29.1","","17.8","","23.5","","0.0","","5.5","","","","","M","0.0","","","","","M","","M"
"-81.15","43.03","LONDON CS","6144478","2018-08-15","2018","08","15","","28.7","","19.9","","24.3","","0.0","","6.3","","","","","M","0.0","","","","","M","","M"
"-81.15","43.03","LONDON CS","6144478","2018-08-16","2018","08","16","","25.0","","17.7","","21.3","","0.0","","3.3","","","","","M","20.2","","","","","M","","M"
"-81.15","43.03","LONDON CS","6144478","2018-08-17","2018","08","17","","27.2","","20.8","","24.0","","0.0","","6.0","","","","","M","10.2","","","","","M","","M"
"-81.15","43.03","LONDON CS","6144478","2018-08-18","2018","08","18","","26.7","","17.3","","22.0","","0.0","","4.0","","","","","M","2.5","","","","","M","","M"
"-81.15","43.03","LONDON CS","6144478","2018-08-19","2018","08","19","","25.4","","15.5","","20.4","","0.0","","2.4","","","","","M","0.0","","","","","M","","M"
"-81.15","43.03","LONDON CS","6144478","2018-08-20","2018","08","20","","25.7","","15.0","","20.3","","0.0","","2.3","","","","","M","0.0","","","","","M","","M"
"-81.15","43.03","LONDON CS","6144478","2018-08-21","2018","08","21","","25.1","","18.1","","21.6","","0.0","","3.6","","","","","M","10.7","","","","","M","","M"
"-81.15","43.03","LONDON CS","6144478","2018-08-22","2018","08","22","","21.0","","12.1","","16.5","","1.5","","0.0","","","","","M","7.6","","","","","M","","M"
"-81.15","43.03","LONDON CS","6144478","2018-08-23","2018","08","23","","25.9","","12.5","","19.2","","0.0","","1.2","","","","","M","0.0","","","","","M","","M"
"-81.15","43.03","LONDON CS","6144478","2018-08-24","2018","08","24","","24.8","","12.7","","18.8","","0.0","","0.8","","","","","M","0.0","","","","","M","","M"
"-81.15","43.03","LONDON CS","6144478","2018-08-25","2018","08","25","","23.5","","19.4","","21.5","","0.0","","3.5","","","","","M","7.5","","","","","M","","M"
"-81.15","43.03","LONDON CS","6144478","2018-08-26","2018","08","26","","27.6","","20.6","","24.1","","0.0","","6.1","","","","","M","0.0","","","","","M","","M"
"-81.15","43.03","LONDON CS","6144478","2018-08-27","2018","08","27","","29.6","","19.8","","24.7","","0.0","","6.7","","","","","M","8.3","","","","","M","","M"
"-81.15","43.03","LONDON CS","6144478","2018-08-28","2018","08","28","","30.5","","23.5","","27.0","","0.0","","9.0","","","","","M","0.0","","","","","M","","M"
"-81.15","43.03","LONDON CS","6144478","2018-08-29","2018","08","29","","27.0","","16.7","","21.9","","0.0","","3.9","","","","","M","0.0","","","","","M","","M"
"-81.15","43.03","LONDON CS","6144478","2018-08-30","2018","08","30","","20.6","","13.1","","16.8","","1.2","","0.0","","","","","M","0.0","","","","","M","","M"
"-81.15","43.03","LONDON CS","6144478","2018-08-31","2018","08","31","","24.4","","11.8","","18.1","","0.0","","0.1","","","","","M","0.0","","","","","M","","M"
"-81.15","43.03","LONDON CS","6144478","2018-09-01","2018","09","01","","28.2","","14.4","","21.3","","0.0","","3.3","","","","","M","0.0","","","","","M","","M"
"-81.15","43.03","LONDON CS","6144478","2018-09-02","2018","09","02","","28.9","","22.2","","25.6","","0.0","","7.6","","","","","M","0.0","","","","","M","","M"
"-81.15","43.03","LONDON CS","6144478","2018-09-03","2018","09","03","","29.7","","20.3","","25.0","","0.0","","7.0","","","","","M","0.5","","","","","M","","M"
"-81.15","43.03","LONDON CS","6144478","2018-09-04","2018","09","04","","30.0","","19.4","","24.7","","0.0","","6.7","","","","","M","0.2","","","","","M","","M"
"-81.15","43.03","LONDON CS","6144478","2018-09-05","2018","09","05","","31.6","","20.4","","26.0","","0.0","","8.0","","","","","M","0.0","","","","","M","","M"
"-81.15","43.03","LONDON CS","6144478","2018-09-06","2018","09","06","","24.5","","16.0","","20.3","","0.0","","2.3","","","","","M","1.2","","","","","M","","M"
"-81.15","43.03","LONDON CS","6144478","2018-09-07","2018","09","07","","22.8","","14.4","","18.6","","0.0","","0.6","","","","","M","0.0","","","","","M","","M"
"-81.15","43.03","LONDON CS","6144478","2018-09-08","2018","09","08","","17.1","","9.6","","13.3","","4.7","","0.0","","","","","M","0.0","","","","","M","","M"
"-81.15","43.03","LONDON CS","6144478","2018-09-09","2018","09","09","","15.1","","9.7","","12.4","","5.6","","0.0","","","","","M","2.4","","","","","M","","M"
"-81.15","43.03","LONDON CS","6144478","2018-09-10","2018","09","10","","14.6","","11.8","","13.2","","4.8","","0.0","","","","","M","3.8","","","","","M","","M"
"-81.15","43.03","LONDON CS","6144478","2018-09-11","2018","09","11","","22.8","","11.9","","17.4","","0.6","","0.0","","","","","M","0.0","","","","","M","","M"
"-81.15","43.03","LONDON CS","6144478","2018-09-12","2018","09","12","","22.8","","11.3","","17.0","","1.0","","0.0","","","","","M","0.0","","","","","M","","M"
"-81.15","43.03","LONDON CS","6144478","2018-09-13","2018","09","13","","24.8","","15.8","","20.3","","0.0","","2.3","","","","","M","0.0","","","","","M","","M"
"-81.15","43.03","LONDON CS","6144478","2018-09-14","2018","09","14","","28.2","","17.7","","23.0","","0.0","","5.0","","","","","M","0.0","","","","","M","","M"
"-81.15","43.03","LONDON CS","6144478","2018-09-15","2018","09","15","","29.6","","16.7","","23.2","","0.0","","5.2","","","","","M","0.0","","","","","M","","M"
"-81.15","43.03","LONDON CS","6144478","2018-09-16","2018","09","16","","29.1","","17.2","","23.1","","0.0","","5.1","","","","","M","0.0","","","","","M","","M"
"-81.15","43.03","LONDON CS","6144478","2018-09-17","2018","09","17","","26.4","","16.8","","21.6","","0.0","","3.6","","","","","M","0.0","","","","","M","","M"
"-81.15","43.03","LONDON CS","6144478","2018-09-18","2018","09","18","","25.6","","15.2","","20.4","","0.0","","2.4","","","","","M","0.0","","","","","M","","M"
"-81.15","43.03","LONDON CS","6144478","2018-09-19","2018","09","19","","23.3","","13.0","","18.2","","0.0","","0.2","","","","","M","0.0","","","","","M","","M"
"-81.15","43.03","LONDON CS","6144478","2018-09-20","2018","09","20","","20.8","","13.0","","16.9","","1.1","","0.0","","","","","M","0.0","","","","","M","","M"
"-81.15","43.03","LONDON CS","6144478","2018-09-21","2018","09","21","","29.5","","13.3","","21.4","","0.0","","3.4","","","","","M","0.0","","","","","M","","M"
"-81.15","43.03","LONDON CS","6144478","2018-09-22","2018","09","22","","15.8","","5.9","","10.9","","7.1","","0.0","","","","","M","0.0","","","","","M","","M"
"-81.15","43.03","LONDON CS","6144478","2018-09-23","2018","09","23","","20.5","","4.1","","12.3","","5.7","","0.0","","","","","M","0.0","","","","","M","","M"
"-81.15","43.03","LONDON CS","6144478","2018-09-24","2018","09","24","","18.9","","11.4","","15.2","","2.8","","0.0","","","","","M","5.6","","","","","M","","M"
"-81.15","43.03","LONDON CS","6144478","2018-09-25","2018","09","25","","21.5","","16.4","","18.9","","0.0","","0.9","","","","","M","14.1","","","","","M","","M"
"-81.15","43.03","LONDON CS","6144478","2018-09-26","2018","09","26","","22.2","","7.6","","14.9","","3.1","","0.0","","","","","M","0.2","","","","","M","","M"
"-81.15","43.03","LONDON CS","6144478","2018-09-27","2018","09","27","","16.9","","5.4","","11.1","","6.9","","0.0","","","","","M","0.0","","","","","M","","M"
"-81.15","43.03","LONDON CS","6144478","2018-09-28","2018","09","28","","21.3","","5.8","","13.6","","4.4","","0.0","","","","","M","4.8","","","","","M","","M"
"-81.15","43.03","LONDON CS","6144478","2018-09-29","2018","09","29","","15.1","","6.8","","11.0","","7.0","","0.0","","","","","M","0.0","","","","","M","","M"
"-81.15","43.03","LONDON CS","6144478","2018-09-30","2018","09","30","","12.6","","8.5","","10.6","","7.4","","0.0","","","","","M","6.7","","","","","M","","M"
"-81.15","43.03","LONDON CS","6144478","2018-10-01","2018","10","01","","10.6","","8.7","","9.7","","8.3","","0.0","","","","","M","10.3","","","","","M","","M"
"-81.15","43.03","LONDON CS","6144478","2018-10-02","2018","10","02","","20.8","","10.4","","15.6","","2.4","","0.0","","","","","M","7.7","","","","","M","","M"
"-81.15","43.03","LONDON CS","6144478","2018-10-03","2018","10","03","","22.2","","9.4","","15.8","","2.2","","0.0","","","","","M","0.0","","","","","M","","M"
"-81.15","43.03","LONDON CS","6144478","2018-10-04","2018","10","04","","22.6","","4.7","","13.7","","4.3","","0.0","","","","","M","0.9","","","","","M","","M"
"-81.15","43.03","LONDON CS","6144478","2018-10-05","2018","10","05","","12.4","","3.6","","8.0","","10.0","","0.0","","","","","M","0.0","","","","","M","","M"
"-81.15","43.03","LONDON CS","6144478","2018-10-06","2018","10","06","","22.7","","11.2","","16.9","","1.1","","0.0","","","","","M","14.5","","","","","M","","M"
"-81.15","43.03","LONDON CS","6144478","2018-10-07","2018","10","07","","16.1","","12.9","","14.5","","3.5","","0.0","","","","","M","0.7","","","","","M","","M"
"-81.15","43.03","LONDON CS","6144478","2018-10-08","2018","10","08","","26.7","","12.5","","19.6","","0.0","","1.6","","","","","M","1.3","","","","","M","","M"
"-81.15","43.03","LONDON CS","6144478","2018-10-09","2018","10","09","","27.1","","18.3","","22.7","","0.0","","4.7","","","","","M","0.0","","","","","M","","M"
"-81.15","43.03","LONDON CS","6144478","2018-10-10","2018","10","10","","25.9","","17.8","","21.8","","0.0","","3.8","","","","","M","0.0","","","","","M","","M"
"-81.15","43.03","LONDON CS","6144478","2018-10-11","2018","10","11","","20.7","","7.1","","13.9","","4.1","","0.0","","","","","M","0.0","","","","","M","","M"
"-81.15","43.03","LONDON CS","6144478","2018-10-12","2018","10","12","","8.4","","4.1","","6.2","","11.8","","0.0","","","","","M","0.7","","","","","M","","M"
"-81.15","43.03","LONDON CS","6144478","2018-10-13","2018","10","13","","10.1","","2.9","","6.5","","11.5","","0.0","","","","","M","0.5","","","","","M","","M"
"-81.15","43.03","LONDON CS","6144478","2018-10-14","2018","10","14","","14.4","","0.8","","7.6","","10.4","","0.0","","","","","M","0.0","","","","","M","","M"
"-81.15","43.03","LONDON CS","6144478","2018-10-15","2018","10","15","","11.0","","2.0","","6.5","","11.5","","0.0","","","","","M","1.8","","","","","M","","M"
"-81.15","43.03","LONDON CS","6144478","2018-10-16","2018","10","16","","11.1","","-0.5","","5.3","","12.7","","0.0","","","","","M","0.0","","","","","M","","M"
"-81.15","43.03","LONDON CS","6144478","2018-10-17","2018","10","17","","7.9","","1.4","","4.6","","13.4","","0.0","","","","","M","2.1","","","","","M","","M"
"-81.15","43.03","LONDON CS","6144478","2018-10-18","2018","10","18","","8.1","","1.9","","5.0","","13.0","","0.0","","","","","M","0.0","","","","","M","","M"
"-81.15","43.03","LONDON CS","6144478","2018-10-19","2018","10","19","","15.3","","2.7","","9.0","","9.0","","0.0","","","","","M","0.4","","","","","M","","M"
"-81.15","43.03","LONDON CS","6144478","2018-10-20","2018","10","20","","10.6","","2.4","","6.5","","11.5","","0.0","","","","","M","7.4","","","","","M","","M"
"-81.15","43.03","LONDON CS","6144478","2018-10-21","2018","10","21","","4.5","","1.5","","3.0","","15.0","","0.0","","","","","M","0.0","","","","","M","","M"
"-81.15","43.03","LONDON CS","6144478","2018-10-22","2018","10","22","","12.2","","0.7","","6.4","","11.6","","0.0","","","","","M","0.0","","","","","M","","M"
"-81.15","43.03","LONDON CS","6144478","2018-10-23","2018","10","23","","9.6","","0.8","","5.2","","12.8","","0.0","","","","","M","2.0","","","","","M","","M"
"-81.15","43.03","LONDON CS","6144478","2018-10-24","2018","10","24","","6.5","","-0.8","","2.9","","15.1","","0.0","","","","","M","0.2","","","","","M","","M"
"-81.15","43.03","LONDON CS","6144478","2018-10-25","2018","10","25","","9.8","","0.5","","5.2","","12.8","","0.0","","","","","M","0.0","","","","","M","","M"
"-81.15","43.03","LONDON CS","6144478","2018-10-26","2018","10","26","","8.7","","1.1","","4.9","","13.1","","0.0","","","","","M","0.3","","","","","M","","M"
"-81.15","43.03","LONDON CS","6144478","2018-10-27","2018","10","27","","4.7","","1.6","","3.1","","14.9","","0.0","","","","","M","9.4","","","","","M","","M"
"-81.15","43.03","LONDON CS","6144478","2018-10-28","2018","10","28","","6.3","","1.4","","3.9","","14.1","","0.0","","","","","M","5.9","","","","","M","","M"
"-81.15","43.03","LONDON CS","6144478","2018-10-29","2018","10","29","","9.1","","0.1","","4.6","","13.4","","0.0","","","","","M","0.5","","","","","M","","M"
"-81.15","43.03","LONDON CS","6144478","2018-10-30","2018","10","30","","11.7","","-1.6","","5.0","","13.0","","0.0","","","","","M","0.2","","","","","M","","M"
"-81.15","43.03","LONDON CS","6144478","2018-10-31","2018","10","31","","13.1","","4.0","","8.6","","9.4","","0.0","","","","","M","29.3","","","","","M","","M"
"-81.15","43.03","LONDON CS","6144478","2018-11-01","2018","11","01","","7.1","","4.4","","5.8","","12.2","","0.0","","","","","M","30.0","","","","","M","","M"
"-81.15","43.03","LONDON CS","6144478","2018-11-02","2018","11","02","","6.2","","3.4","","4.8","","13.2","","0.0","","","","","M","3.5","","","","","M","","M"
"-81.15","43.03","LONDON CS","6144478","2018-11-03","2018","11","03","","6.0","","-2.4","","1.8","","16.2","","0.0","","","","","M","0.4","","","","","M","","M"
"-81.15","43.03","LONDON CS","6144478","2018-11-04","2018","11","04","","7.1","","-2.2","","2.5","","15.5","","0.0","","","","","M","0.0","","","","","M","","M"
"-81.15","43.03","LONDON CS","6144478","2018-11-05","2018","11","05","","11.9","","5.2","","8.6","","9.4","","0.0","","","","","M","7.4","","","","","M","","M"
"-81.15","43.03","LONDON CS","6144478","2018-11-06","2018","11","06","","13.2","","6.8","","10.0","","8.0","","0.0","","","","","M","8.6","","","","","M","","M"
"-81.15","43.03","LONDON CS","6144478","2018-11-07","2018","11","07","","","M","","M","","M","","M","","M","","","","M","","M","","","","M","","M"
"-81.15","43.03","LONDON CS","6144478","2018-11-08","2018","11","08","","4.2","","1.7","","2.9","","15.1","","0.0","","","","","M","0.0","","","","","M","","M"
"-81.15","43.03","LONDON CS","6144478","2018-11-09","2018","11","09","","2.6","","-2.5","","0.0","","18.0","","0.0","","","","","M","5.3","","","","","M","","M"
"-81.15","43.03","LONDON CS","6144478","2018-11-10","2018","11","10","","0.6","","-4.7","","-2.0","","20.0","","0.0","","","","","M","0.2","","2","","","M","","M"
"-81.15","43.03","LONDON CS","6144478","2018-11-11","2018","11","11","","2.6","","-2.7","","0.0","","18.0","","0.0","","","","","M","0.0","","","","","M","","M"
"-81.15","43.03","LONDON CS","6144478","2018-11-12","2018","11","12","","6.2","","-0.8","","2.7","","15.3","","0.0","","","","","M","1.5","","","","","M","","M"
"-81.15","43.03","LONDON CS","6144478","2018-11-13","2018","11","13","","0.4","","-4.3","","-2.0","","20.0","","0.0","","","","","M","2.7","","2","","","M","","M"
"-81.15","43.03","LONDON CS","6144478","2018-11-14","2018","11","14","","-0.3","","-4.6","","-2.5","","20.5","","0.0","","","","","M","0.0","","1","","","M","","M"
"-81.15","43.03","LONDON CS","6144478","2018-11-15","2018","11","15","","-0.4","","-4.1","","-2.3","","20.3","","0.0","","","","","M","8.7","","0","","","M","","M"
"-81.15","43.03","LONDON CS","6144478","2018-11-16","2018","11","16","","1.7","","-0.4","","0.6","","17.4","","0.0","","","","","M","1.2","","4","","","M","","M"
"-81.15","43.03","LONDON CS","6144478","2018-11-17","2018","11","17","","1.7","","-1.7","","0.0","","18.0","","0.0","","","","","M","0.0","","3","","","M","","M"
"-81.15","43.03","LONDON CS","6144478","2018-11-18","2018","11","18","","0.8","","-2.9","","-1.1","","19.1","","0.0","","","","","M","0.6","","1","","","M","","M"
"-81.15","43.03","LONDON CS","6144478","2018-11-19","2018","11","19","","4.2","","-5.2","","-0.5","","18.5","","0.0","","","","","M","0.0","","","","","M","","M"
"-81.15","43.03","LONDON CS","6144478","2018-11-20","2018","11","20","","0.6","","-5.4","","-2.4","","20.4","","0.0","","","","","M","2.0","","1","","","M","","M"
"-81.15","43.03","LONDON CS","6144478","2018-11-21","2018","11","21","","0.2","","-10.0","","-4.9","","22.9","","0.0","","","","","M","0.5","","","","","M","","M"
"-81.15","43.03","LONDON CS","6144478","2018-11-22","2018","11","22","","-5.2","","-12.4","","-8.8","","26.8","","0.0","","","","","M","0.0","","0","","","M","","M"
"-81.15","43.03","LONDON CS","6144478","2018-11-23","2018","11","23","","4.2","","-6.5","","-1.2","","19.2","","0.0","","","","","M","0.0","","","","","M","","M"
"-81.15","43.03","LONDON CS","6144478","2018-11-24","2018","11","24","","7.6","","1.3","","4.4","","13.6","","0.0","","","","","M","7.8","","","","","M","","M"
"-81.15","43.03","LONDON CS","6144478","2018-11-25","2018","11","25","","6.6","","2.3","","4.4","","13.6","","0.0","","","","","M","0.0","","","","","M","","M"
"-81.15","43.03","LONDON CS","6144478","2018-11-26","2018","11","26","","4.8","","0.2","","2.5","","15.5","","0.0","","","","","M","20.2","","","","","M","","M"
"-81.15","43.03","LONDON CS","6144478","2018-11-27","2018","11","27","","0.2","","-2.4","","-1.1","","19.1","","0.0","","","","","M","1.6","","3","","","M","","M"
"-81.15","43.03","LONDON CS","6144478","2018-11-28","2018","11","28","","-0.7","","-2.7","","-1.7","","19.7","","0.0","","","","","M","0.2","","2","","","M","","M"
"-81.15","43.03","LONDON CS","6144478","2018-11-29","2018","11","29","","-0.9","","-3.4","","-2.2","","20.2","","0.0","","","","","M","1.2","","1","","","M","","M"
"-81.15","43.03","LONDON CS","6144478","2018-11-30","2018","11","30","","0.3","","-1.9","","-0.8","","18.8","","0.0","","","","","M","0.2","","0","","","M","","M"
"-81.15","43.03","LONDON CS","6144478","2018-12-01","2018","12","01","","2.2","","-1.4","","0.4","","17.6","","0.0","","","","","M","2.7","","0","","","M","","M"
"-81.15","43.03","LONDON CS","6144478","2018-12-02","2018","12","02","","13.9","","2.2","","8.0","","10.0","","0.0","","","","","M","9.4","","","","","M","","M"
"-81.15","43.03","LONDON CS","6144478","2018-12-03","2018","12","03","","3.8","","-0.9","","1.4","","16.6","","0.0","","","","","M","1.2","","","","","M","","M"
"-81.15","43.03","LONDON CS","6144478","2018-12-04","2018","12","04","","1.0","","-4.8","","-1.9","","19.9","","0.0","","","","","M","0.0","","","","","M","","M"
"-81.15","43.03","LONDON CS","6144478","2018-12-05","2018","12","05","","1.1","","-3.6","","-1.2","","19.2","","0.0","","","","","M","0.0","","","","","M","","M"
"-81.15","43.03","LONDON CS","6144478","2018-12-06","2018","12","06","","-0.4","","-4.1","","-2.2","","20.2","","0.0","","","","","M","3.5","","","","","M","","M"
"-81.15","43.03","LONDON CS","6144478","2018-12-07","2018","12","07","","-3.0","","-5.6","","-4.3","","22.3","","0.0","","","","","M","0.2","","3","","","M","","M"
"-81.15","43.03","LONDON CS","6144478","2018-12-08","2018","12","08","","-3.1","","-9.8","","-6.4","","24.4","","0.0","","","","","M","0.2","","2","","","M","","M"
"-81.15","43.03","LONDON CS","6144478","2018-12-09","2018","12","09","","-0.6","","-13.2","","-6.9","","24.9","","0.0","","","","","M","0.0","","2","","","M","","M"
"-81.15","43.03","LONDON CS","6144478","2018-12-10","2018","12","10","","-1.0","","-4.4","","-2.7","","20.7","","0.0","","","","","M","0.0","","2","","","M","","M"
"-81.15","43.03","LONDON CS","6144478","2018-12-11","2018","12","11","","-1.7","","-4.2","","-2.9","","20.9","","0.0","","","","","M","0.0","","1","","","M","","M"
"-81.15","43.03","LONDON CS","6144478","2018-12-12","2018","12","12","","0.9","","-1.9","","-0.5","","18.5","","0.0","","","","","M","0.0","","2","","","M","","M"
"-81.15","43.03","LONDON CS","6144478","2018-12-13","2018","12","13","","5.2","","-1.0","","2.1","","15.9","","0.0","","","","","M","0.0","","1","","","M","","M"
"-81.15","43.03","LONDON CS","6144478","2018-12-14","2018","12","14","","6.0","","-1.2","","2.4","","15.6","","0.0","","","","","M","4.1","","","","","M","","M"
"-81.15","43.03","LONDON CS","6144478","2018-12-15","2018","12","15","","3.0","","-0.3","","1.3","","16.7","","0.0","","","","","M","0.0","","","","","M","","M"
"-81.15","43.03","LONDON CS","6144478","2018-12-16","2018","12","16","","7.0","","-1.2","","2.9","","15.1","","0.0","","","","","M","0.0","","1","","","M","","M"
"-81.15","43.03","LONDON CS","6144478","2018-12-17","2018","12","17","","1.4","","-1.2","","0.1","","17.9","","0.0","","","","","M","0.0","","0","","","M","","M"
"-81.15","43.03","LONDON CS","6144478","2018-12-18","2018","12","18","","1.1","","-4.0","","-1.4","","19.4","","0.0","","","","","M","0.0","","","","","M","","M"
"-81.15","43.03","LONDON CS","6144478","2018-12-19","2018","12","19","","6.0","","-3.5","","1.2","","16.8","","0.0","","","","","M","0.0","","","","","M","","M"
"-81.15","43.03","LONDON CS","6144478","2018-12-20","2018","12","20","","5.7","","-1.1","","2.3","","15.7","","0.0","","","","","M","8.7","","","","","M","","M"
"-81.15","43.03","LONDON CS","6144478","2018-12-21","2018","12","21","","3.8","","-0.9","","1.4","","16.6","","0.0","","","","","M","6.6","","","","","M","","M"
"-81.15","43.03","LONDON CS","6144478","2018-12-22","2018","12","22","","-0.8","","-2.1","","-1.5","","19.5","","0.0","","","","","M","0.2","","","","","M","","M"
"-81.15","43.03","LONDON CS","6144478","2018-12-23","2018","12","23","","1.7","","-1.7","","0.0","","18.0","","0.0","","","","","M","0.0","","","","","M","","M"
"-81.15","43.03","LONDON CS","6144478","2018-12-24","2018","12","24","","0.2","","-1.8","","-0.8","","18.8","","0.0","","","","","M","0.4","","","","","M","","M"
"-81.15","43.03","LONDON CS","6144478","2018-12-25","2018","12","25","","0.8","","-2.4","","-0.8","","18.8","","0.0","","","","","M","0.0","","","","","M","","M"
"-81.15","43.03","LONDON CS","6144478","2018-12-26","2018","12","26","","1.3","","-2.6","","-0.6","","18.6","","0.0","","","","","M","0.0","","","","","M","","M"
"-81.15","43.03","LONDON CS","6144478","2018-12-27","2018","12","27","","5.9","","-3.6","","1.2","","16.8","","0.0","","","","","M","5.0","","","","","M","","M"
"-81.15","43.03","LONDON CS","6144478","2018-12-28","2018","12","28","","11.0","","0.9","","6.0","","12.0","","0.0","","","","","M","5.5","","","","","M","","M"
"-81.15","43.03","LONDON CS","6144478","2018-12-29","2018","12","29","","1.4","","-3.8","","-1.2","","19.2","","0.0","","","","","M","1.2","","","","","M","","M"
"-81.15","43.03","LONDON CS","6144478","2018-12-30","2018","12","30","","-0.8","","-6.0","","-3.4","","21.4","","0.0","","","","","M","1.8","","3","","","M","","M"
"-81.15","43.03","LONDON CS","6144478","2018-12-31","2018","12","31","","10.1","","-6.3","","1.9","","16.1","","0.0","","","","","M","16.4","","0","","","M","","M"
